purl,name,ecosystem,bucket,situation,eol_direct,dead_transitive_count,remediation,alternative_purl,remediation_notes,remediation_source,llm_confidence,dependent_repos,top1_dependent,code_loc,complexity,has_native,unpatched_advisories,repository_url
pkg:hackage/bytestring,bytestring,hackage,dormant,broad,0,0,,,,heuristic,,18438,,,,,0,https://github.com/haskell/bytestring,pkg:hackage/bytestring,bytestring,hackage,dormant,broad,0,0,,,,heuristic,,18438,,,,,0,https://github.com/haskell/bytestring
pkg:hackage/network,network,hackage,dormant,broad,0,0,,,,heuristic,,5843,,,,,0,https://github.com/haskell/network,pkg:hackage/network,network,hackage,dormant,broad,0,0,,,,heuristic,,5843,,,,,0,https://github.com/haskell/network
pkg:hackage/parsec,parsec,hackage,dormant,broad,0,0,,,,heuristic,,4638,,,,,0,https://github.com/haskell/parsec,pkg:hackage/parsec,parsec,hackage,dormant,broad,0,0,,,,heuristic,,4638,,,,,0,https://github.com/haskell/parsec
pkg:hackage/HUnit,HUnit,hackage,dormant,,0,0,,,,,,4022,,,,,0,https://github.com/hspec/hunit,pkg:hackage/HUnit,HUnit,hackage,dormant,,0,0,,,,,,4022,,,,,0,https://github.com/hspec/hunit
pkg:hackage/http-types,http-types,hackage,dormant,broad,0,0,,,,heuristic,,3916,,,,,0,https://github.com/vlix/http-types,pkg:hackage/http-types,http-types,hackage,dormant,broad,0,0,,,,heuristic,,3916,,,,,0,https://github.com/vlix/http-types
pkg:hackage/binary,binary,hackage,dormant,broad,0,0,,,,heuristic,,3451,,,,,0,https://github.com/kolmodin/binary,pkg:hackage/binary,binary,hackage,dormant,broad,0,0,,,,heuristic,,3451,,,,,0,https://github.com/kolmodin/binary
pkg:hackage/attoparsec,attoparsec,hackage,dead,broad,0,0,,,,heuristic,,3246,,,,,0,https://github.com/haskell/attoparsec,pkg:hackage/attoparsec,attoparsec,hackage,dead,broad,0,0,,,,heuristic,,3246,,,,,0,https://github.com/haskell/attoparsec
pkg:hackage/hashable,hashable,hackage,dormant,broad,0,0,,,,heuristic,,3129,,,,,0,https://github.com/haskell-unordered-containers/hashable,pkg:hackage/hashable,hashable,hackage,dormant,broad,0,0,,,,heuristic,,3129,,,,,0,https://github.com/haskell-unordered-containers/hashable
pkg:hackage/test-framework,test-framework,hackage,dormant,,0,0,,,,,,2133,,,,,0,https://github.com/haskell/test-framework,pkg:hackage/test-framework,test-framework,hackage,dormant,,0,0,,,,,,2133,,,,,0,https://github.com/haskell/test-framework
pkg:hackage/utf8-string,utf8-string,hackage,unknown,,0,0,,,,,,2114,,,,,0,https://github.com/glguy/utf8-string,pkg:hackage/utf8-string,utf8-string,hackage,unknown,,0,0,,,,,,2114,,,,,0,https://github.com/glguy/utf8-string
pkg:hackage/monad-control,monad-control,hackage,unknown,,0,0,,,,,,2084,,,,,0,https://github.com/basvandijk/monad-control,pkg:hackage/monad-control,monad-control,hackage,unknown,,0,0,,,,,,2084,,,,,0,https://github.com/basvandijk/monad-control
pkg:hackage/pretty,pretty,hackage,dormant,,0,0,,,,,,2082,,,,,0,https://github.com/haskell/pretty,pkg:hackage/pretty,pretty,hackage,dormant,,0,0,,,,,,2082,,,,,0,https://github.com/haskell/pretty
pkg:hackage/yaml,yaml,hackage,dead,,0,3,,,,,,2037,,,,,0,https://github.com/snoyberg/yaml,pkg:hackage/yaml,yaml,hackage,dead,,0,3,,,,,,2037,,,,,0,https://github.com/snoyberg/yaml
pkg:hackage/safe,safe,hackage,dead,,0,0,,,,,,1812,,,,,0,https://github.com/ndmitchell/safe,pkg:hackage/safe,safe,hackage,dead,,0,0,,,,,,1812,,,,,0,https://github.com/ndmitchell/safe
pkg:hackage/test-framework-hunit,test-framework-hunit,hackage,dormant,,0,0,,,,,,1776,,,,,0,https://github.com/haskell/test-framework,pkg:hackage/test-framework-hunit,test-framework-hunit,hackage,dormant,,0,0,,,,,,1776,,,,,0,https://github.com/haskell/test-framework
pkg:hackage/case-insensitive,case-insensitive,hackage,unknown,,0,0,,,,,,1667,,,,,0,https://github.com/basvandijk/case-insensitive,pkg:hackage/case-insensitive,case-insensitive,hackage,unknown,,0,0,,,,,,1667,,,,,0,https://github.com/basvandijk/case-insensitive
pkg:hackage/scotty,scotty,hackage,dormant,,0,0,,,,,,1598,,,,,0,https://github.com/scotty-web/scotty,pkg:hackage/scotty,scotty,hackage,dormant,,0,0,,,,,,1598,,,,,0,https://github.com/scotty-web/scotty
pkg:hackage/cereal,cereal,hackage,unknown,,0,0,,,,,,1393,,,,,0,https://github.com/galoisinc/cereal,pkg:hackage/cereal,cereal,hackage,unknown,,0,0,,,,,,1393,,,,,0,https://github.com/galoisinc/cereal
pkg:hackage/primitive,primitive,hackage,dormant,broad,0,0,,,,heuristic,,1329,,,,,0,https://github.com/haskell/primitive,pkg:hackage/primitive,primitive,hackage,dormant,broad,0,0,,,,heuristic,,1329,,,,,0,https://github.com/haskell/primitive
pkg:hackage/transformers-base,transformers-base,hackage,dormant,,0,0,,,,,,1193,,,,,0,https://github.com/mvv/transformers-base,pkg:hackage/transformers-base,transformers-base,hackage,dormant,,0,0,,,,,,1193,,,,,0,https://github.com/mvv/transformers-base
pkg:hackage/cmdargs,cmdargs,hackage,dormant,,0,0,,,,,,1190,,,,,0,https://github.com/ndmitchell/cmdargs,pkg:hackage/cmdargs,cmdargs,hackage,dormant,,0,0,,,,,,1190,,,,,0,https://github.com/ndmitchell/cmdargs
pkg:hackage/uuid,uuid,hackage,dormant,,0,0,,,,,,1113,,,,,0,https://github.com/haskell-hvr/uuid,pkg:hackage/uuid,uuid,hackage,dormant,,0,0,,,,,,1113,,,,,0,https://github.com/haskell-hvr/uuid
pkg:hackage/monad-logger,monad-logger,hackage,dormant,,0,1,,,,,,1009,,,,,0,https://github.com/snoyberg/monad-logger,pkg:hackage/monad-logger,monad-logger,hackage,dormant,,0,1,,,,,,1009,,,,,0,https://github.com/snoyberg/monad-logger
pkg:hackage/base64-bytestring,base64-bytestring,hackage,unknown,,0,0,,,,,,976,,,,,0,https://github.com/haskell/base64-bytestring,pkg:hackage/base64-bytestring,base64-bytestring,hackage,unknown,,0,0,,,,,,976,,,,,0,https://github.com/haskell/base64-bytestring
pkg:hackage/megaparsec,megaparsec,hackage,dormant,,0,0,,,,,,967,,,,,0,https://github.com/mrkkrp/megaparsec,pkg:hackage/megaparsec,megaparsec,hackage,dormant,,0,0,,,,,,967,,,,,0,https://github.com/mrkkrp/megaparsec
pkg:hackage/hjsmin,hjsmin,hackage,dead,,0,0,,,,,,918,,,,,0,https://github.com/erikd/hjsmin,pkg:hackage/hjsmin,hjsmin,hackage,dead,,0,0,,,,,,918,,,,,0,https://github.com/erikd/hjsmin
pkg:hackage/network-uri,network-uri,hackage,dormant,,0,0,,,,,,915,,,,,0,https://github.com/haskell/network-uri,pkg:hackage/network-uri,network-uri,hackage,dormant,,0,0,,,,,,915,,,,,0,https://github.com/haskell/network-uri
pkg:hackage/temporary,temporary,hackage,unknown,,0,0,,,,,,867,,,,,0,https://github.com/feuerbach/temporary,pkg:hackage/temporary,temporary,hackage,unknown,,0,0,,,,,,867,,,,,0,https://github.com/feuerbach/temporary
pkg:hackage/hslogger,hslogger,hackage,dormant,,0,0,,,,,,836,,,,,0,https://github.com/haskell-hvr/hslogger,pkg:hackage/hslogger,hslogger,hackage,dormant,,0,0,,,,,,836,,,,,0,https://github.com/haskell-hvr/hslogger
pkg:hackage/ansi-wl-pprint,ansi-wl-pprint,hackage,unknown,,0,0,,,,,,791,,,,,0,https://github.com/ekmett/ansi-wl-pprint,pkg:hackage/ansi-wl-pprint,ansi-wl-pprint,hackage,unknown,,0,0,,,,,,791,,,,,0,https://github.com/ekmett/ansi-wl-pprint
pkg:hackage/test-framework-quickcheck2,test-framework-quickcheck2,hackage,dormant,,0,0,,,,,,733,,,,,0,https://github.com/haskell/test-framework,pkg:hackage/test-framework-quickcheck2,test-framework-quickcheck2,hackage,dormant,,0,0,,,,,,733,,,,,0,https://github.com/haskell/test-framework
pkg:hackage/streaming-commons,streaming-commons,hackage,dormant,,0,0,,,,,,672,,,,,0,https://github.com/fpco/streaming-commons,pkg:hackage/streaming-commons,streaming-commons,hackage,dormant,,0,0,,,,,,672,,,,,0,https://github.com/fpco/streaming-commons
pkg:hackage/file-embed,file-embed,hackage,dead,,0,0,,,,,,647,,,,,0,https://github.com/snoyberg/file-embed,pkg:hackage/file-embed,file-embed,hackage,dead,,0,0,,,,,,647,,,,,0,https://github.com/snoyberg/file-embed
pkg:hackage/pretty-show,pretty-show,hackage,unknown,,0,0,,,,,,644,,,,,0,https://github.com/wiki/yav,pkg:hackage/pretty-show,pretty-show,hackage,unknown,,0,0,,,,,,644,,,,,0,https://github.com/wiki/yav
pkg:hackage/clock,clock,hackage,dead,,0,0,,,,,,608,,,,,0,https://github.com/corsis/clock,pkg:hackage/clock,clock,hackage,dead,,0,0,,,,,,608,,,,,0,https://github.com/corsis/clock
pkg:hackage/hmatrix,hmatrix,hackage,dead,,0,0,,,,,,602,,,,,0,https://github.com/haskell-numerics/hmatrix,pkg:hackage/hmatrix,hmatrix,hackage,dead,,0,0,,,,,,602,,,,,0,https://github.com/haskell-numerics/hmatrix
pkg:hackage/string-conversions,string-conversions,hackage,unknown,,0,0,,,,,,596,,,,,0,https://github.com/soenkehahn/string-conversions,pkg:hackage/string-conversions,string-conversions,hackage,unknown,,0,0,,,,,,596,,,,,0,https://github.com/soenkehahn/string-conversions
pkg:hackage/uniplate,uniplate,hackage,unknown,,0,0,,,,,,583,,,,,0,https://github.com/ndmitchell/uniplate,pkg:hackage/uniplate,uniplate,hackage,unknown,,0,0,,,,,,583,,,,,0,https://github.com/ndmitchell/uniplate
pkg:hackage/safe-exceptions,safe-exceptions,hackage,dead,,0,0,,,,,,572,,,,,0,https://github.com/fpco/safe-exceptions,pkg:hackage/safe-exceptions,safe-exceptions,hackage,dead,,0,0,,,,,,572,,,,,0,https://github.com/fpco/safe-exceptions
pkg:hackage/safecopy,safecopy,hackage,dormant,,0,0,,,,,,571,,,,,0,https://github.com/acid-state/safecopy,pkg:hackage/safecopy,safecopy,hackage,dormant,,0,0,,,,,,571,,,,,0,https://github.com/acid-state/safecopy
pkg:hackage/lifted-base,lifted-base,hackage,unknown,,0,0,,,,,,562,,,,,0,https://github.com/basvandijk/lifted-base,pkg:hackage/lifted-base,lifted-base,hackage,unknown,,0,0,,,,,,562,,,,,0,https://github.com/basvandijk/lifted-base
pkg:hackage/clientsession,clientsession,hackage,dormant,,0,2,,,,,,554,,,,,0,https://github.com/yesodweb/clientsession,pkg:hackage/clientsession,clientsession,hackage,dormant,,0,2,,,,,,554,,,,,0,https://github.com/yesodweb/clientsession
pkg:hackage/microlens,microlens,hackage,dormant,,0,0,,,,,,553,,,,,0,https://github.com/stevenfontanella/microlens,pkg:hackage/microlens,microlens,hackage,dormant,,0,0,,,,,,553,,,,,0,https://github.com/stevenfontanella/microlens
pkg:hackage/free,free,hackage,dormant,,0,0,,,,,,542,,,,,0,https://github.com/ekmett/free,pkg:hackage/free,free,hackage,dormant,,0,0,,,,,,542,,,,,0,https://github.com/ekmett/free
pkg:hackage/base16-bytestring,base16-bytestring,hackage,dead,,0,0,,,,,,521,,,,,0,https://github.com/haskell/base16-bytestring,pkg:hackage/base16-bytestring,base16-bytestring,hackage,dead,,0,0,,,,,,521,,,,,0,https://github.com/haskell/base16-bytestring
pkg:hackage/dlist,dlist,hackage,dead,,0,0,,,,,,519,,,,,0,https://github.com/spl/dlist,pkg:hackage/dlist,dlist,hackage,dead,,0,0,,,,,,519,,,,,0,https://github.com/spl/dlist
pkg:hackage/mongoDB,mongoDB,hackage,dead,,0,2,,,,,,518,,,,,0,https://github.com/mongodb-haskell/mongodb,pkg:hackage/mongoDB,mongoDB,hackage,dead,,0,2,,,,,,518,,,,,0,https://github.com/mongodb-haskell/mongodb
pkg:hackage/aeson-pretty,aeson-pretty,hackage,dead,,0,2,,,,,,515,,,,,0,https://github.com/informatikr/aeson-pretty,pkg:hackage/aeson-pretty,aeson-pretty,hackage,dead,,0,2,,,,,,515,,,,,0,https://github.com/informatikr/aeson-pretty
pkg:hackage/cryptohash,cryptohash,hackage,dead,,1,0,,,,,,494,,,,,0,https://github.com/vincenthz/hs-cryptohash,pkg:hackage/cryptohash,cryptohash,hackage,dead,,1,0,,,,,,494,,,,,0,https://github.com/vincenthz/hs-cryptohash
pkg:hackage/gitrev,gitrev,hackage,dead,,1,0,,,,,,471,,,,,0,https://github.com/acfoltzer/gitrev,pkg:hackage/gitrev,gitrev,hackage,dead,,1,0,,,,,,471,,,,,0,https://github.com/acfoltzer/gitrev
pkg:hackage/derive,derive,hackage,unknown,,0,0,,,,,,462,,,,,0,https://github.com/ndmitchell/derive,pkg:hackage/derive,derive,hackage,unknown,,0,0,,,,,,462,,,,,0,https://github.com/ndmitchell/derive
pkg:hackage/JuicyPixels,JuicyPixels,hackage,dormant,,0,0,,,,,,454,,,,,0,https://github.com/twinside/juicy.pixels,pkg:hackage/JuicyPixels,JuicyPixels,hackage,dormant,,0,0,,,,,,454,,,,,0,https://github.com/twinside/juicy.pixels
pkg:hackage/lens-aeson,lens-aeson,hackage,unknown,,0,0,,,,,,454,,,,,0,https://github.com/lens/lens-aeson,pkg:hackage/lens-aeson,lens-aeson,hackage,unknown,,0,0,,,,,,454,,,,,0,https://github.com/lens/lens-aeson
pkg:hackage/prettyprinter,prettyprinter,hackage,dormant,,0,0,,,,,,450,,,,,0,https://github.com/quchen/prettyprinter,pkg:hackage/prettyprinter,prettyprinter,hackage,dormant,,0,0,,,,,,450,,,,,0,https://github.com/quchen/prettyprinter
pkg:hackage/hint,hint,hackage,dormant,,0,0,,,,,,443,,,,,0,https://github.com/haskell-hint/hint,pkg:hackage/hint,hint,hackage,dormant,,0,0,,,,,,443,,,,,0,https://github.com/haskell-hint/hint
pkg:hackage/cryptonite,cryptonite,hackage,dead,,1,0,,,,,,441,,,,,0,https://github.com/haskell-crypto/cryptonite,pkg:hackage/cryptonite,cryptonite,hackage,dead,,1,0,,,,,,441,,,,,0,https://github.com/haskell-crypto/cryptonite
pkg:hackage/hspec-wai,hspec-wai,hackage,dead,,0,0,,,,,,439,,,,,0,https://github.com/hspec/hspec-wai,pkg:hackage/hspec-wai,hspec-wai,hackage,dead,,0,0,,,,,,439,,,,,0,https://github.com/hspec/hspec-wai
pkg:hackage/http-media,http-media,hackage,dead,,0,0,,,,,,432,,,,,0,https://github.com/zmthy/http-media,pkg:hackage/http-media,http-media,hackage,dead,,0,0,,,,,,432,,,,,0,https://github.com/zmthy/http-media
pkg:hackage/tagsoup,tagsoup,hackage,dormant,,0,0,,,,,,423,,,,,0,https://github.com/ndmitchell/tagsoup,pkg:hackage/tagsoup,tagsoup,hackage,dormant,,0,0,,,,,,423,,,,,0,https://github.com/ndmitchell/tagsoup
pkg:hackage/transformers-compat,transformers-compat,hackage,dormant,,0,0,,,,,,420,,,,,0,https://github.com/ekmett/transformers-compat,pkg:hackage/transformers-compat,transformers-compat,hackage,dormant,,0,0,,,,,,420,,,,,0,https://github.com/ekmett/transformers-compat
pkg:hackage/monad-loops,monad-loops,hackage,dead,,0,0,,,,,,410,,,,,0,https://github.com/mokus0/monad-loops,pkg:hackage/monad-loops,monad-loops,hackage,dead,,0,0,,,,,,410,,,,,0,https://github.com/mokus0/monad-loops
pkg:hackage/tasty-th,tasty-th,hackage,unknown,,0,0,,,,,,403,,,,,0,https://github.com/bennofs/tasty-th,pkg:hackage/tasty-th,tasty-th,hackage,unknown,,0,0,,,,,,403,,,,,0,https://github.com/bennofs/tasty-th
pkg:hackage/haskell-src-exts,haskell-src-exts,hackage,dead,,0,0,,,,,,397,,,,,0,https://github.com/haskell-suite/haskell-src-exts,pkg:hackage/haskell-src-exts,haskell-src-exts,hackage,dead,,0,0,,,,,,397,,,,,0,https://github.com/haskell-suite/haskell-src-exts
pkg:hackage/HDBC,HDBC,hackage,dormant,,0,0,,,,,,396,,,,,0,https://github.com/hdbc/hdbc,pkg:hackage/HDBC,HDBC,hackage,dormant,,0,0,,,,,,396,,,,,0,https://github.com/hdbc/hdbc
pkg:hackage/bson,bson,hackage,unknown,,0,0,,,,,,390,,,,,0,https://github.com/mongodb-haskell/bson,pkg:hackage/bson,bson,hackage,unknown,,0,0,,,,,,390,,,,,0,https://github.com/mongodb-haskell/bson
pkg:hackage/hspec-wai-json,hspec-wai-json,hackage,dead,,0,0,,,,,,368,,,,,0,https://github.com/hspec/hspec-wai,pkg:hackage/hspec-wai-json,hspec-wai-json,hackage,dead,,0,0,,,,,,368,,,,,0,https://github.com/hspec/hspec-wai
pkg:hackage/network-info,network-info,hackage,unknown,,0,0,,,,,,365,,,,,0,https://github.com/jacobstanley/network-info,pkg:hackage/network-info,network-info,hackage,unknown,,0,0,,,,,,365,,,,,0,https://github.com/jacobstanley/network-info
pkg:hackage/configurator,configurator,hackage,unknown,,0,0,,,,,,359,,,,,0,https://github.com/bos/configurator,pkg:hackage/configurator,configurator,hackage,unknown,,0,0,,,,,,359,,,,,0,https://github.com/bos/configurator
pkg:hackage/unix-compat,unix-compat,hackage,dormant,,0,0,,,,,,357,,,,,0,https://github.com/haskell-pkg-janitors/unix-compat,pkg:hackage/unix-compat,unix-compat,hackage,dormant,,0,0,,,,,,357,,,,,0,https://github.com/haskell-pkg-janitors/unix-compat
pkg:hackage/hspec-expectations,hspec-expectations,hackage,unknown,,0,0,,,,,,353,,,,,0,https://github.com/hspec/hspec-expectations,pkg:hackage/hspec-expectations,hspec-expectations,hackage,unknown,,0,0,,,,,,353,,,,,0,https://github.com/hspec/hspec-expectations
pkg:hackage/memory,memory,hackage,dead,,1,0,,,,,,352,,,,,0,https://github.com/vincenthz/hs-memory,pkg:hackage/memory,memory,hackage,dead,,1,0,,,,,,352,,,,,0,https://github.com/vincenthz/hs-memory
pkg:hackage/classy-prelude,classy-prelude,hackage,dormant,,0,1,,,,,,351,,,,,0,https://github.com/snoyberg/mono-traversable,pkg:hackage/classy-prelude,classy-prelude,hackage,dormant,,0,1,,,,,,351,,,,,0,https://github.com/snoyberg/mono-traversable
pkg:hackage/xml,xml,hackage,unknown,,0,0,,,,,,350,,,,,0,https://github.com/galoisinc/xml,pkg:hackage/xml,xml,hackage,unknown,,0,0,,,,,,350,,,,,0,https://github.com/galoisinc/xml
pkg:hackage/tasty-hspec,tasty-hspec,hackage,dormant,,0,0,,,,,,349,,,,,0,https://github.com/mitchellwrosen/tasty-hspec,pkg:hackage/tasty-hspec,tasty-hspec,hackage,dormant,,0,0,,,,,,349,,,,,0,https://github.com/mitchellwrosen/tasty-hspec
pkg:hackage/cookie,cookie,hackage,dormant,,0,0,,,,,,338,,,,,0,https://github.com/snoyberg/cookie,pkg:hackage/cookie,cookie,hackage,dormant,,0,0,,,,,,338,,,,,0,https://github.com/snoyberg/cookie
pkg:hackage/raw-strings-qq,raw-strings-qq,hackage,dead,,0,0,,,,,,337,,,,,0,https://github.com/23skidoo/raw-strings-qq,pkg:hackage/raw-strings-qq,raw-strings-qq,hackage,dead,,0,0,,,,,,337,,,,,0,https://github.com/23skidoo/raw-strings-qq
pkg:hackage/ad,ad,hackage,dormant,,0,0,,,,,,333,,,,,0,https://github.com/ekmett/ad,pkg:hackage/ad,ad,hackage,dormant,,0,0,,,,,,333,,,,,0,https://github.com/ekmett/ad
pkg:hackage/hxt,hxt,hackage,dormant,,0,0,,,,,,332,,,,,0,https://github.com/uweschmidt/hxt,pkg:hackage/hxt,hxt,hackage,dormant,,0,0,,,,,,332,,,,,0,https://github.com/uweschmidt/hxt
pkg:hackage/xmlhtml,xmlhtml,hackage,unknown,,0,0,,,,,,332,,,,,0,https://github.com/snapframework/xmlhtml,pkg:hackage/xmlhtml,xmlhtml,hackage,unknown,,0,0,,,,,,332,,,,,0,https://github.com/snapframework/xmlhtml
pkg:hackage/sqlite-simple,sqlite-simple,hackage,dormant,,0,2,,,,,,322,,,,,0,https://github.com/nurpax/sqlite-simple,pkg:hackage/sqlite-simple,sqlite-simple,hackage,dormant,,0,2,,,,,,322,,,,,0,https://github.com/nurpax/sqlite-simple
pkg:hackage/strict,strict,hackage,unknown,,0,0,,,,,,321,,,,,0,https://github.com/haskell-strict/strict,pkg:hackage/strict,strict,hackage,unknown,,0,0,,,,,,321,,,,,0,https://github.com/haskell-strict/strict
pkg:hackage/X11,X11,hackage,dormant,,0,0,,,,,,312,,,,,0,https://github.com/xmonad/x11,pkg:hackage/X11,X11,hackage,dormant,,0,0,,,,,,312,,,,,0,https://github.com/xmonad/x11
pkg:hackage/connection,connection,hackage,dead,,1,0,,,,,,311,,,,,0,https://github.com/vincenthz/hs-connection,pkg:hackage/connection,connection,hackage,dead,,1,0,,,,,,311,,,,,0,https://github.com/vincenthz/hs-connection
pkg:hackage/nats,nats,hackage,unknown,,0,0,,,,,,305,,,,,0,https://github.com/ekmett/nats,pkg:hackage/nats,nats,hackage,unknown,,0,0,,,,,,305,,,,,0,https://github.com/ekmett/nats
pkg:hackage/lucid,lucid,hackage,dormant,,0,0,,,,,,301,,,,,0,https://github.com/chrisdone/lucid,pkg:hackage/lucid,lucid,hackage,dormant,,0,0,,,,,,301,,,,,0,https://github.com/chrisdone/lucid
pkg:hackage/acid-state,acid-state,hackage,dormant,,0,0,,,,,,299,,,,,0,https://github.com/acid-state/acid-state,pkg:hackage/acid-state,acid-state,hackage,dormant,,0,0,,,,,,299,,,,,0,https://github.com/acid-state/acid-state
pkg:hackage/terminal-progress-bar,terminal-progress-bar,hackage,unknown,,0,0,,,,,,298,,,,,0,https://github.com/roelvandijk/terminal-progress-bar,pkg:hackage/terminal-progress-bar,terminal-progress-bar,hackage,unknown,,0,0,,,,,,298,,,,,0,https://github.com/roelvandijk/terminal-progress-bar
pkg:hackage/binary-conduit,binary-conduit,hackage,unknown,,0,0,,,,,,298,,,,,0,https://github.com/qnikst/binary-conduit,pkg:hackage/binary-conduit,binary-conduit,hackage,unknown,,0,0,,,,,,298,,,,,0,https://github.com/qnikst/binary-conduit
pkg:hackage/byteable,byteable,hackage,dead,,1,0,,,,,,297,,,,,0,https://github.com/vincenthz/hs-byteable,pkg:hackage/byteable,byteable,hackage,dead,,1,0,,,,,,297,,,,,0,https://github.com/vincenthz/hs-byteable
pkg:hackage/unliftio-core,unliftio-core,hackage,dormant,,0,0,,,,,,296,,,,,0,https://github.com/fpco/unliftio,pkg:hackage/unliftio-core,unliftio-core,hackage,dormant,,0,0,,,,,,296,,,,,0,https://github.com/fpco/unliftio
pkg:hackage/entropy,entropy,hackage,dormant,,0,0,,,,,,288,,,,,0,https://github.com/tommd/entropy,pkg:hackage/entropy,entropy,hackage,dormant,,0,0,,,,,,288,,,,,0,https://github.com/tommd/entropy
pkg:hackage/crypto-api,crypto-api,hackage,unknown,,0,0,,,,,,280,,,,,0,https://github.com/tommd/crypto-api,pkg:hackage/crypto-api,crypto-api,hackage,unknown,,0,0,,,,,,280,,,,,0,https://github.com/tommd/crypto-api
pkg:hackage/unliftio,unliftio,hackage,dormant,,0,0,,,,,,279,,,,,0,https://github.com/fpco/unliftio,pkg:hackage/unliftio,unliftio,hackage,dormant,,0,0,,,,,,279,,,,,0,https://github.com/fpco/unliftio
pkg:hackage/hashtables,hashtables,hackage,dormant,,0,0,,,,,,279,,,,,0,https://github.com/gregorycollins/hashtables,pkg:hackage/hashtables,hashtables,hackage,dormant,,0,0,,,,,,279,,,,,0,https://github.com/gregorycollins/hashtables
pkg:hackage/parsers,parsers,hackage,dormant,,0,1,,,,,,277,,,,,0,https://github.com/ekmett/parsers,pkg:hackage/parsers,parsers,hackage,dormant,,0,1,,,,,,277,,,,,0,https://github.com/ekmett/parsers
pkg:hackage/smallcheck,smallcheck,hackage,dormant,,0,0,,,,,,277,,,,,0,https://github.com/bodigrim/smallcheck,pkg:hackage/smallcheck,smallcheck,hackage,dormant,,0,0,,,,,,277,,,,,0,https://github.com/bodigrim/smallcheck
pkg:hackage/classy-prelude-yesod,classy-prelude-yesod,hackage,dormant,,0,0,,,,,,276,,,,,0,https://github.com/snoyberg/mono-traversable,pkg:hackage/classy-prelude-yesod,classy-prelude-yesod,hackage,dormant,,0,0,,,,,,276,,,,,0,https://github.com/snoyberg/mono-traversable
pkg:hackage/zip-archive,zip-archive,hackage,unknown,,0,0,,,,,,275,,,,,0,https://github.com/jgm/zip-archive,pkg:hackage/zip-archive,zip-archive,hackage,unknown,,0,0,,,,,,275,,,,,0,https://github.com/jgm/zip-archive
pkg:hackage/esqueleto,esqueleto,hackage,dead,,0,1,,,,,,273,,,,,0,https://github.com/bitemyapp/esqueleto,pkg:hackage/esqueleto,esqueleto,hackage,dead,,0,1,,,,,,273,,,,,0,https://github.com/bitemyapp/esqueleto
pkg:hackage/stringsearch,stringsearch,hackage,unknown,,0,0,,,,,,273,,,,,0,https://bitbucket.org/dafis/stringsearch,pkg:hackage/stringsearch,stringsearch,hackage,unknown,,0,0,,,,,,273,,,,,0,https://bitbucket.org/dafis/stringsearch
pkg:hackage/formatting,formatting,hackage,dead,,0,2,,,,,,271,,,,,0,https://github.com/ajchapman/formatting,pkg:hackage/formatting,formatting,hackage,dead,,0,2,,,,,,271,,,,,0,https://github.com/ajchapman/formatting
pkg:hackage/silently,silently,hackage,dormant,,0,0,,,,,,271,,,,,0,https://github.com/hspec/silently,pkg:hackage/silently,silently,hackage,dormant,,0,0,,,,,,271,,,,,0,https://github.com/hspec/silently
pkg:hackage/tasty-smallcheck,tasty-smallcheck,hackage,dormant,,0,0,,,,,,270,,,,,0,https://github.com/feuerbach/tasty,pkg:hackage/tasty-smallcheck,tasty-smallcheck,hackage,dormant,,0,0,,,,,,270,,,,,0,https://github.com/feuerbach/tasty
pkg:hackage/reflection,reflection,hackage,dormant,,0,0,,,,,,267,,,,,0,https://github.com/ekmett/reflection,pkg:hackage/reflection,reflection,hackage,dormant,,0,0,,,,,,267,,,,,0,https://github.com/ekmett/reflection
pkg:hackage/iso8601-time,iso8601-time,hackage,unknown,,0,0,,,,,,263,,,,,0,https://github.com/nh2/iso8601-time,pkg:hackage/iso8601-time,iso8601-time,hackage,unknown,,0,0,,,,,,263,,,,,0,https://github.com/nh2/iso8601-time
pkg:hackage/filemanip,filemanip,hackage,unknown,,0,0,,,,,,263,,,,,0,https://github.com/bos/filemanip,pkg:hackage/filemanip,filemanip,hackage,unknown,,0,0,,,,,,263,,,,,0,https://github.com/bos/filemanip
pkg:hackage/classy-prelude-conduit,classy-prelude-conduit,hackage,dormant,,0,0,,,,,,262,,,,,0,https://github.com/snoyberg/mono-traversable,pkg:hackage/classy-prelude-conduit,classy-prelude-conduit,hackage,dormant,,0,0,,,,,,262,,,,,0,https://github.com/snoyberg/mono-traversable
pkg:hackage/Chart,Chart,hackage,dormant,,0,0,,,,,,262,,,,,0,https://github.com/timbod7/haskell-chart,pkg:hackage/Chart,Chart,hackage,dormant,,0,0,,,,,,262,,,,,0,https://github.com/timbod7/haskell-chart
pkg:hackage/graphs,graphs,hackage,dormant,,0,0,,,,,,262,,,,,0,https://github.com/ekmett/graphs,pkg:hackage/graphs,graphs,hackage,dormant,,0,0,,,,,,262,,,,,0,https://github.com/ekmett/graphs
pkg:hackage/cipher-aes,cipher-aes,hackage,unknown,,0,0,,,,,,250,,,,,0,https://github.com/vincenthz/hs-cipher-aes,pkg:hackage/cipher-aes,cipher-aes,hackage,unknown,,0,0,,,,,,250,,,,,0,https://github.com/vincenthz/hs-cipher-aes
pkg:hackage/x509,x509,hackage,unknown,,0,0,,,,,,247,,,,,0,https://github.com/vincenthz/hs-certificate,pkg:hackage/x509,x509,hackage,unknown,,0,0,,,,,,247,,,,,0,https://github.com/vincenthz/hs-certificate
pkg:hackage/shelly,shelly,hackage,dormant,,0,0,,,,,,243,,,,,0,https://github.com/gregwebs/shelly.hs,pkg:hackage/shelly,shelly,hackage,dormant,,0,0,,,,,,243,,,,,0,https://github.com/gregwebs/shelly.hs
pkg:hackage/conduit-combinators,conduit-combinators,hackage,dormant,,0,0,,,,,,241,,,,,0,https://github.com/snoyberg/mono-traversable,pkg:hackage/conduit-combinators,conduit-combinators,hackage,dormant,,0,0,,,,,,241,,,,,0,https://github.com/snoyberg/mono-traversable
pkg:hackage/prelude-extras,prelude-extras,hackage,unknown,,0,0,,,,,,241,,,,,0,https://github.com/ekmett/prelude-extras,pkg:hackage/prelude-extras,prelude-extras,hackage,unknown,,0,0,,,,,,241,,,,,0,https://github.com/ekmett/prelude-extras
pkg:hackage/StateVar,StateVar,hackage,dormant,,0,0,,,,,,240,,,,,0,https://github.com/haskell-opengl/statevar,pkg:hackage/StateVar,StateVar,hackage,dormant,,0,0,,,,,,240,,,,,0,https://github.com/haskell-opengl/statevar
pkg:hackage/jwt,jwt,hackage,dormant,,0,0,,,,,,240,,,,,0,https://github.com/puffnfresh/haskell-jwt,pkg:hackage/jwt,jwt,hackage,dormant,,0,0,,,,,,240,,,,,0,https://github.com/puffnfresh/haskell-jwt
pkg:hackage/HTF,HTF,hackage,dormant,,0,1,,,,,,235,,,,,0,https://github.com/skogsbaer/htf,pkg:hackage/HTF,HTF,hackage,dormant,,0,1,,,,,,235,,,,,0,https://github.com/skogsbaer/htf
pkg:hackage/xhtml,xhtml,hackage,dormant,,0,0,,,,,,235,,,,,0,https://github.com/haskell/xhtml,pkg:hackage/xhtml,xhtml,hackage,dormant,,0,0,,,,,,235,,,,,0,https://github.com/haskell/xhtml
pkg:hackage/email-validate,email-validate,hackage,dead,,0,1,,,,,,233,,,,,0,https://github.com/porges/email-validate-hs,pkg:hackage/email-validate,email-validate,hackage,dead,,0,1,,,,,,233,,,,,0,https://github.com/porges/email-validate-hs
pkg:hackage/mono-traversable,mono-traversable,hackage,dormant,,0,0,,,,,,230,,,,,0,https://github.com/snoyberg/mono-traversable,pkg:hackage/mono-traversable,mono-traversable,hackage,dormant,,0,0,,,,,,230,,,,,0,https://github.com/snoyberg/mono-traversable
pkg:hackage/unbound-generics,unbound-generics,hackage,unknown,,0,0,,,,,,230,,,,,0,https://github.com/lambdageek/unbound-generics,pkg:hackage/unbound-generics,unbound-generics,hackage,unknown,,0,0,,,,,,230,,,,,0,https://github.com/lambdageek/unbound-generics
pkg:hackage/base-prelude,base-prelude,hackage,unknown,,0,0,,,,,,230,,,,,0,https://github.com/nikita-volkov/base-prelude,pkg:hackage/base-prelude,base-prelude,hackage,unknown,,0,0,,,,,,230,,,,,0,https://github.com/nikita-volkov/base-prelude
pkg:hackage/x509-store,x509-store,hackage,unknown,,0,0,,,,,,229,,,,,0,https://github.com/vincenthz/hs-certificate,pkg:hackage/x509-store,x509-store,hackage,unknown,,0,0,,,,,,229,,,,,0,https://github.com/vincenthz/hs-certificate
pkg:hackage/easy-file,easy-file,hackage,unknown,,0,0,,,,,,226,,,,,0,https://github.com/kazu-yamamoto/easy-file,pkg:hackage/easy-file,easy-file,hackage,unknown,,0,0,,,,,,226,,,,,0,https://github.com/kazu-yamamoto/easy-file
pkg:hackage/securemem,securemem,hackage,dead,,1,0,,,,,,225,,,,,0,https://github.com/vincenthz/hs-securemem,pkg:hackage/securemem,securemem,hackage,dead,,1,0,,,,,,225,,,,,0,https://github.com/vincenthz/hs-securemem
pkg:hackage/pqueue,pqueue,hackage,dormant,,0,0,,,,,,225,,,,,0,https://github.com/lspitzner/pqueue,pkg:hackage/pqueue,pqueue,hackage,dormant,,0,0,,,,,,225,,,,,0,https://github.com/lspitzner/pqueue
pkg:hackage/crypto-cipher-types,crypto-cipher-types,hackage,dead,,1,0,,,,,,223,,,,,0,https://github.com/vincenthz/hs-crypto-cipher,pkg:hackage/crypto-cipher-types,crypto-cipher-types,hackage,dead,,1,0,,,,,,223,,,,,0,https://github.com/vincenthz/hs-crypto-cipher
pkg:hackage/pem,pem,hackage,dead,,1,0,,,,,,223,,,,,0,https://github.com/vincenthz/hs-pem,pkg:hackage/pem,pem,hackage,dead,,1,0,,,,,,223,,,,,0,https://github.com/vincenthz/hs-pem
pkg:hackage/logict,logict,hackage,dormant,,0,0,,,,,,223,,,,,0,https://github.com/bodigrim/logict,pkg:hackage/logict,logict,hackage,dormant,,0,0,,,,,,223,,,,,0,https://github.com/bodigrim/logict
pkg:hackage/network-simple,network-simple,hackage,unknown,,0,0,,,,,,223,,,,,0,https://github.com/k0001/network-simple,pkg:hackage/network-simple,network-simple,hackage,unknown,,0,0,,,,,,223,,,,,0,https://github.com/k0001/network-simple
pkg:hackage/monads-tf,monads-tf,hackage,dead,,0,0,,,,,,221,,,,,0,https://github.com/typeclasses/monads-tf,pkg:hackage/monads-tf,monads-tf,hackage,dead,,0,0,,,,,,221,,,,,0,https://github.com/typeclasses/monads-tf
pkg:hackage/trifecta,trifecta,hackage,dormant,,0,0,,,,,,220,,,,,0,https://github.com/ekmett/trifecta,pkg:hackage/trifecta,trifecta,hackage,dormant,,0,0,,,,,,220,,,,,0,https://github.com/ekmett/trifecta
pkg:hackage/vty,vty,hackage,dormant,,0,0,,,,,,219,,,,,0,https://github.com/jtdaugherty/vty,pkg:hackage/vty,vty,hackage,dormant,,0,0,,,,,,219,,,,,0,https://github.com/jtdaugherty/vty
pkg:hackage/asn1-encoding,asn1-encoding,hackage,dead,,1,0,,,,,,217,,,,,0,https://github.com/vincenthz/hs-asn1,pkg:hackage/asn1-encoding,asn1-encoding,hackage,dead,,1,0,,,,,,217,,,,,0,https://github.com/vincenthz/hs-asn1
pkg:hackage/fclabels,fclabels,hackage,dormant,,0,0,,,,,,217,,,,,0,https://github.com/sebastiaanvisser/fclabels,pkg:hackage/fclabels,fclabels,hackage,dormant,,0,0,,,,,,217,,,,,0,https://github.com/sebastiaanvisser/fclabels
pkg:hackage/neat-interpolation,neat-interpolation,hackage,unknown,,0,0,,,,,,217,,,,,0,https://github.com/nikita-volkov/neat-interpolation,pkg:hackage/neat-interpolation,neat-interpolation,hackage,unknown,,0,0,,,,,,217,,,,,0,https://github.com/nikita-volkov/neat-interpolation
pkg:hackage/asn1-types,asn1-types,hackage,dead,,1,0,,,,,,216,,,,,0,https://github.com/vincenthz/hs-asn1,pkg:hackage/asn1-types,asn1-types,hackage,dead,,1,0,,,,,,216,,,,,0,https://github.com/vincenthz/hs-asn1
pkg:hackage/x509-validation,x509-validation,hackage,unknown,,0,0,,,,,,212,,,,,0,https://github.com/vincenthz/hs-certificate,pkg:hackage/x509-validation,x509-validation,hackage,unknown,,0,0,,,,,,212,,,,,0,https://github.com/vincenthz/hs-certificate
pkg:hackage/wai-cors,wai-cors,hackage,unknown,,0,0,,,,,,211,,,,,0,https://github.com/larskuhtz/wai-cors,pkg:hackage/wai-cors,wai-cors,hackage,unknown,,0,0,,,,,,211,,,,,0,https://github.com/larskuhtz/wai-cors
pkg:hackage/test-framework-th,test-framework-th,hackage,unknown,,0,0,,,,,,211,,,,,0,https://github.com/finnsson/test-generator,pkg:hackage/test-framework-th,test-framework-th,hackage,unknown,,0,0,,,,,,211,,,,,0,https://github.com/finnsson/test-generator
pkg:hackage/crypto-random,crypto-random,hackage,dead,,1,0,,,,,,210,,,,,0,https://github.com/vincenthz/hs-crypto-random,pkg:hackage/crypto-random,crypto-random,hackage,dead,,1,0,,,,,,210,,,,,0,https://github.com/vincenthz/hs-crypto-random
pkg:hackage/HaXml,HaXml,hackage,dormant,,0,0,,,,,,210,,,,,0,https://github.com/haxml/haxml,pkg:hackage/HaXml,HaXml,hackage,dormant,,0,0,,,,,,210,,,,,0,https://github.com/haxml/haxml
pkg:hackage/postgresql-libpq,postgresql-libpq,hackage,dormant,,0,0,,,,,,209,,,,,0,https://github.com/haskellari/postgresql-libpq,pkg:hackage/postgresql-libpq,postgresql-libpq,hackage,dormant,,0,0,,,,,,209,,,,,0,https://github.com/haskellari/postgresql-libpq
pkg:hackage/text-format,text-format,hackage,unknown,,0,1,,,,,,208,,,,,0,https://github.com/hackage-trustees/text-format,pkg:hackage/text-format,text-format,hackage,unknown,,0,1,,,,,,208,,,,,0,https://github.com/hackage-trustees/text-format
pkg:hackage/monad-par,monad-par,hackage,unknown,,0,1,,,,,,207,,,,,0,https://github.com/simonmar/monad-par,pkg:hackage/monad-par,monad-par,hackage,unknown,,0,1,,,,,,207,,,,,0,https://github.com/simonmar/monad-par
pkg:hackage/random-fu,random-fu,hackage,unknown,,0,1,,,,,,207,,,,,0,https://github.com/mokus0/random-fu,pkg:hackage/random-fu,random-fu,hackage,unknown,,0,1,,,,,,207,,,,,0,https://github.com/mokus0/random-fu
pkg:hackage/process-extras,process-extras,hackage,dormant,,0,0,,,,,,204,,,,,0,https://github.com/seereason/process-extras,pkg:hackage/process-extras,process-extras,hackage,dormant,,0,0,,,,,,204,,,,,0,https://github.com/seereason/process-extras
pkg:hackage/checkers,checkers,hackage,dormant,,0,0,,,,,,204,,,,,0,https://github.com/haskell-checkers/checkers,pkg:hackage/checkers,checkers,hackage,dormant,,0,0,,,,,,204,,,,,0,https://github.com/haskell-checkers/checkers
pkg:hackage/retry,retry,hackage,unknown,,0,0,,,,,,204,,,,,0,https://github.com/soostone/retry,pkg:hackage/retry,retry,hackage,unknown,,0,0,,,,,,204,,,,,0,https://github.com/soostone/retry
pkg:hackage/x509-system,x509-system,hackage,unknown,,0,0,,,,,,203,,,,,0,https://github.com/vincenthz/hs-certificate,pkg:hackage/x509-system,x509-system,hackage,unknown,,0,0,,,,,,203,,,,,0,https://github.com/vincenthz/hs-certificate
pkg:hackage/basic-prelude,basic-prelude,hackage,unknown,,0,0,,,,,,202,,,,,0,https://github.com/snoyberg/basic-prelude,pkg:hackage/basic-prelude,basic-prelude,hackage,unknown,,0,0,,,,,,202,,,,,0,https://github.com/snoyberg/basic-prelude
pkg:hackage/text-icu,text-icu,hackage,dormant,,0,0,,,,,,201,,,,,0,https://github.com/haskell/text-icu,pkg:hackage/text-icu,text-icu,hackage,dormant,,0,0,,,,,,201,,,,,0,https://github.com/haskell/text-icu
pkg:hackage/hourglass,hourglass,hackage,dead,,1,0,,,,,,200,,,,,0,https://github.com/vincenthz/hs-hourglass,pkg:hackage/hourglass,hourglass,hackage,dead,,1,0,,,,,,200,,,,,0,https://github.com/vincenthz/hs-hourglass
pkg:hackage/crypto-pubkey-types,crypto-pubkey-types,hackage,dead,,1,0,,,,,,200,,,,,0,https://github.com/vincenthz/hs-crypto-pubkey-types,pkg:hackage/crypto-pubkey-types,crypto-pubkey-types,hackage,dead,,1,0,,,,,,200,,,,,0,https://github.com/vincenthz/hs-crypto-pubkey-types
pkg:hackage/HDBC-sqlite3,HDBC-sqlite3,hackage,unknown,,0,0,,,,,,200,,,,,0,https://github.com/hdbc/hdbc-sqlite3,pkg:hackage/HDBC-sqlite3,HDBC-sqlite3,hackage,unknown,,0,0,,,,,,200,,,,,0,https://github.com/hdbc/hdbc-sqlite3
pkg:hackage/mysql-simple,mysql-simple,hackage,unknown,,0,2,,,,,,200,,,,,0,https://github.com/paul-rouse/mysql-simple,pkg:hackage/mysql-simple,mysql-simple,hackage,unknown,,0,2,,,,,,200,,,,,0,https://github.com/paul-rouse/mysql-simple
pkg:hackage/microlens-th,microlens-th,hackage,dormant,,0,0,,,,,,199,,,,,0,https://github.com/stevenfontanella/microlens,pkg:hackage/microlens-th,microlens-th,hackage,dormant,,0,0,,,,,,199,,,,,0,https://github.com/stevenfontanella/microlens
pkg:hackage/Decimal,Decimal,hackage,dormant,,0,0,,,,,,198,,,,,0,https://github.com/pauljohnson/haskell-decimal,pkg:hackage/Decimal,Decimal,hackage,dormant,,0,0,,,,,,198,,,,,0,https://github.com/pauljohnson/haskell-decimal
pkg:hackage/list-t,list-t,hackage,unknown,,0,0,,,,,,197,,,,,0,https://github.com/nikita-volkov/list-t,pkg:hackage/list-t,list-t,hackage,unknown,,0,0,,,,,,197,,,,,0,https://github.com/nikita-volkov/list-t
pkg:hackage/ieee754,ieee754,hackage,unknown,,0,0,,,,,,197,,,,,0,https://github.com/patperry/hs-ieee754,pkg:hackage/ieee754,ieee754,hackage,unknown,,0,0,,,,,,197,,,,,0,https://github.com/patperry/hs-ieee754
pkg:hackage/aeson-qq,aeson-qq,hackage,unknown,,0,0,,,,,,197,,,,,0,https://github.com/sol/aeson-qq,pkg:hackage/aeson-qq,aeson-qq,hackage,unknown,,0,0,,,,,,197,,,,,0,https://github.com/sol/aeson-qq
pkg:hackage/terminfo,terminfo,hackage,dormant,,0,0,,,,,,196,,,,,0,https://github.com/judah/terminfo,pkg:hackage/terminfo,terminfo,hackage,dormant,,0,0,,,,,,196,,,,,0,https://github.com/judah/terminfo
pkg:hackage/parallel-io,parallel-io,hackage,dormant,,0,0,,,,,,196,,,,,0,https://github.com/batterseapower/parallel-io,pkg:hackage/parallel-io,parallel-io,hackage,dormant,,0,0,,,,,,196,,,,,0,https://github.com/batterseapower/parallel-io
pkg:hackage/stm-conduit,stm-conduit,hackage,unknown,,0,0,,,,,,196,,,,,0,https://github.com/cgaebel/stm-conduit,pkg:hackage/stm-conduit,stm-conduit,hackage,unknown,,0,0,,,,,,196,,,,,0,https://github.com/cgaebel/stm-conduit
pkg:hackage/zeromq4-haskell,zeromq4-haskell,hackage,unknown,,0,0,,,,,,195,,,,,0,https://gitlab.com/twittner/zeromq-haskell,pkg:hackage/zeromq4-haskell,zeromq4-haskell,hackage,unknown,,0,0,,,,,,195,,,,,0,https://gitlab.com/twittner/zeromq-haskell
pkg:hackage/digestive-functors,digestive-functors,hackage,dormant,,0,0,,,,,,194,,,,,0,https://github.com/jaspervdj/digestive-functors,pkg:hackage/digestive-functors,digestive-functors,hackage,dormant,,0,0,,,,,,194,,,,,0,https://github.com/jaspervdj/digestive-functors
pkg:hackage/foreign-store,foreign-store,hackage,unknown,,0,0,,,,,,194,,,,,0,https://github.com/chrisdone/foreign-store,pkg:hackage/foreign-store,foreign-store,hackage,unknown,,0,0,,,,,,194,,,,,0,https://github.com/chrisdone/foreign-store
pkg:hackage/vector-th-unbox,vector-th-unbox,hackage,dormant,,0,0,,,,,,191,,,,,0,https://github.com/tsurucapital/vector-th-unbox,pkg:hackage/vector-th-unbox,vector-th-unbox,hackage,dormant,,0,0,,,,,,191,,,,,0,https://github.com/tsurucapital/vector-th-unbox
pkg:hackage/hashmap,hashmap,hackage,unknown,,0,0,,,,,,191,,,,,0,https://github.com/foxik/hashmap,pkg:hackage/hashmap,hashmap,hackage,unknown,,0,0,,,,,,191,,,,,0,https://github.com/foxik/hashmap
pkg:hackage/socks,socks,hackage,dead,,1,0,,,,,,190,,,,,0,https://github.com/vincenthz/hs-socks,pkg:hackage/socks,socks,hackage,dead,,1,0,,,,,,190,,,,,0,https://github.com/vincenthz/hs-socks
pkg:hackage/cprng-aes,cprng-aes,hackage,dead,,1,0,,,,,,189,,,,,0,https://github.com/vincenthz/hs-cprng-aes,pkg:hackage/cprng-aes,cprng-aes,hackage,dead,,1,0,,,,,,189,,,,,0,https://github.com/vincenthz/hs-cprng-aes
pkg:hackage/interpolate,interpolate,hackage,dead,,0,0,,,,,,189,,,,,0,https://github.com/sol/interpolate,pkg:hackage/interpolate,interpolate,hackage,dead,,0,0,,,,,,189,,,,,0,https://github.com/sol/interpolate
pkg:hackage/bindings-DSL,bindings-DSL,hackage,unknown,,0,0,,,,,,189,,,,,0,https://github.com/jwiegley/bindings-dsl,pkg:hackage/bindings-DSL,bindings-DSL,hackage,unknown,,0,0,,,,,,189,,,,,0,https://github.com/jwiegley/bindings-dsl
pkg:hackage/hinotify,hinotify,hackage,unknown,,0,0,,,,,,187,,,,,0,https://github.com/kolmodin/hinotify,pkg:hackage/hinotify,hinotify,hackage,unknown,,0,0,,,,,,187,,,,,0,https://github.com/kolmodin/hinotify
pkg:hackage/math-functions,math-functions,hackage,dormant,,0,0,,,,,,186,,,,,0,https://github.com/haskell/math-functions,pkg:hackage/math-functions,math-functions,hackage,dormant,,0,0,,,,,,186,,,,,0,https://github.com/haskell/math-functions
pkg:hackage/tasty-hedgehog,tasty-hedgehog,hackage,dormant,,0,0,,,,,,186,,,,,0,https://github.com/qfpl/tasty-hedgehog,pkg:hackage/tasty-hedgehog,tasty-hedgehog,hackage,dormant,,0,0,,,,,,186,,,,,0,https://github.com/qfpl/tasty-hedgehog
pkg:hackage/HandsomeSoup,HandsomeSoup,hackage,unknown,,0,0,,,,,,186,,,,,0,https://github.com/egonschiele/handsomesoup,pkg:hackage/HandsomeSoup,HandsomeSoup,hackage,unknown,,0,0,,,,,,186,,,,,0,https://github.com/egonschiele/handsomesoup
pkg:hackage/cryptohash-cryptoapi,cryptohash-cryptoapi,hackage,dead,,1,0,,,,,,185,,,,,0,https://github.com/vincenthz/hs-cryptohash-cryptoapi,pkg:hackage/cryptohash-cryptoapi,cryptohash-cryptoapi,hackage,dead,,1,0,,,,,,185,,,,,0,https://github.com/vincenthz/hs-cryptohash-cryptoapi
pkg:hackage/path-io,path-io,hackage,dormant,,0,1,,,,,,185,,,,,0,https://github.com/mrkkrp/path-io,pkg:hackage/path-io,path-io,hackage,dormant,,0,1,,,,,,185,,,,,0,https://github.com/mrkkrp/path-io
pkg:hackage/xss-sanitize,xss-sanitize,hackage,unknown,,0,1,,,,,,184,,,,,0,https://github.com/yesodweb/haskell-xss-sanitize,pkg:hackage/xss-sanitize,xss-sanitize,hackage,unknown,,0,1,,,,,,184,,,,,0,https://github.com/yesodweb/haskell-xss-sanitize
pkg:hackage/double-conversion,double-conversion,hackage,dead,,0,0,,,,,,183,,,,,0,https://github.com/haskell/double-conversion,pkg:hackage/double-conversion,double-conversion,hackage,dead,,0,0,,,,,,183,,,,,0,https://github.com/haskell/double-conversion
pkg:hackage/primes,primes,hackage,unknown,,0,0,,,,,,183,,,,,0,https://github.com/sebfisch/primes,pkg:hackage/primes,primes,hackage,unknown,,0,0,,,,,,183,,,,,0,https://github.com/sebfisch/primes
pkg:hackage/markdown,markdown,hackage,unknown,,0,0,,,,,,183,,,,,0,https://github.com/snoyberg/markdown,pkg:hackage/markdown,markdown,hackage,unknown,,0,0,,,,,,183,,,,,0,https://github.com/snoyberg/markdown
pkg:hackage/Chart-diagrams,Chart-diagrams,hackage,dormant,,0,0,,,,,,182,,,,,0,https://github.com/timbod7/haskell-chart,pkg:hackage/Chart-diagrams,Chart-diagrams,hackage,dormant,,0,0,,,,,,182,,,,,0,https://github.com/timbod7/haskell-chart
pkg:hackage/markdown-unlit,markdown-unlit,hackage,dormant,,0,0,,,,,,181,,,,,0,https://github.com/sol/markdown-unlit,pkg:hackage/markdown-unlit,markdown-unlit,hackage,dormant,,0,0,,,,,,181,,,,,0,https://github.com/sol/markdown-unlit
pkg:hackage/operational,operational,hackage,unknown,,0,0,,,,,,181,,,,,0,https://github.com/heinrichapfelmus/operational,pkg:hackage/operational,operational,hackage,unknown,,0,0,,,,,,181,,,,,0,https://github.com/heinrichapfelmus/operational
pkg:hackage/time-locale-compat,time-locale-compat,hackage,unknown,,0,0,,,,,,181,,,,,0,https://github.com/khibino/haskell-time-locale-compat,pkg:hackage/time-locale-compat,time-locale-compat,hackage,unknown,,0,0,,,,,,181,,,,,0,https://github.com/khibino/haskell-time-locale-compat
pkg:hackage/asn1-parse,asn1-parse,hackage,dead,,1,0,,,,,,180,,,,,0,https://github.com/vincenthz/hs-asn1,pkg:hackage/asn1-parse,asn1-parse,hackage,dead,,1,0,,,,,,180,,,,,0,https://github.com/vincenthz/hs-asn1
pkg:hackage/tasty-ant-xml,tasty-ant-xml,hackage,unknown,,0,0,,,,,,180,,,,,0,https://github.com/ocharles/tasty-ant-xml,pkg:hackage/tasty-ant-xml,tasty-ant-xml,hackage,unknown,,0,0,,,,,,180,,,,,0,https://github.com/ocharles/tasty-ant-xml
pkg:hackage/highlighting-kate,highlighting-kate,hackage,dead,,1,0,,,,,,179,,,,,0,https://github.com/jgm/highlighting-kate,pkg:hackage/highlighting-kate,highlighting-kate,hackage,dead,,1,0,,,,,,179,,,,,0,https://github.com/jgm/highlighting-kate
pkg:hackage/vector-binary-instances,vector-binary-instances,hackage,dormant,,0,0,,,,,,179,,,,,0,https://github.com/haskell/vector-binary-instances,pkg:hackage/vector-binary-instances,vector-binary-instances,hackage,dormant,,0,0,,,,,,179,,,,,0,https://github.com/haskell/vector-binary-instances
pkg:hackage/enclosed-exceptions,enclosed-exceptions,hackage,unknown,,0,0,,,,,,179,,,,,0,https://github.com/jcristovao/enclosed-exceptions,pkg:hackage/enclosed-exceptions,enclosed-exceptions,hackage,unknown,,0,0,,,,,,179,,,,,0,https://github.com/jcristovao/enclosed-exceptions
pkg:hackage/pwstore-fast,pwstore-fast,hackage,unknown,,0,0,,,,,,179,,,,,0,https://github.com/peterscott/pwstore,pkg:hackage/pwstore-fast,pwstore-fast,hackage,unknown,,0,0,,,,,,179,,,,,0,https://github.com/peterscott/pwstore
pkg:hackage/reload,reload,hackage,unknown,,0,0,,,,,,179,,,,,0,https://github.com/jpmoresmau/reload,pkg:hackage/reload,reload,hackage,unknown,,0,0,,,,,,179,,,,,0,https://github.com/jpmoresmau/reload
pkg:hackage/hedis,hedis,hackage,dormant,,0,0,,,,,,178,,,,,0,https://github.com/informatikr/hedis,pkg:hackage/hedis,hedis,hackage,dormant,,0,0,,,,,,178,,,,,0,https://github.com/informatikr/hedis
pkg:hackage/authenticate,authenticate,hackage,unknown,,0,1,,,,,,178,,,,,0,https://github.com/yesodweb/authenticate,pkg:hackage/authenticate,authenticate,hackage,unknown,,0,1,,,,,,178,,,,,0,https://github.com/yesodweb/authenticate
pkg:hackage/zlib-bindings,zlib-bindings,hackage,unknown,,0,0,,,,,,176,,,,,0,https://github.com/snapframework/zlib-bindings,pkg:hackage/zlib-bindings,zlib-bindings,hackage,unknown,,0,0,,,,,,176,,,,,0,https://github.com/snapframework/zlib-bindings
pkg:hackage/crypto-pubkey,crypto-pubkey,hackage,dead,,1,0,,,,,,175,,,,,0,https://github.com/vincenthz/hs-crypto-pubkey,pkg:hackage/crypto-pubkey,crypto-pubkey,hackage,dead,,1,0,,,,,,175,,,,,0,https://github.com/vincenthz/hs-crypto-pubkey
pkg:hackage/MemoTrie,MemoTrie,hackage,dormant,,0,0,,,,,,175,,,,,0,https://github.com/conal/memotrie,pkg:hackage/MemoTrie,MemoTrie,hackage,dormant,,0,0,,,,,,175,,,,,0,https://github.com/conal/memotrie
pkg:hackage/blaze-textual,blaze-textual,hackage,unknown,,0,0,,,,,,175,,,,,0,https://github.com/swamp-agr/blaze-textual,pkg:hackage/blaze-textual,blaze-textual,hackage,unknown,,0,0,,,,,,175,,,,,0,https://github.com/swamp-agr/blaze-textual
pkg:hackage/regex-applicative,regex-applicative,hackage,unknown,,0,0,,,,,,175,,,,,0,https://github.com/feuerbach/regex-applicative,pkg:hackage/regex-applicative,regex-applicative,hackage,unknown,,0,0,,,,,,175,,,,,0,https://github.com/feuerbach/regex-applicative
pkg:hackage/hastache,hastache,hackage,dead,,1,0,,,,,,174,,,,,0,https://github.com/lymar/hastache,pkg:hackage/hastache,hastache,hackage,dead,,1,0,,,,,,174,,,,,0,https://github.com/lymar/hastache
pkg:hackage/machines,machines,hackage,dormant,,0,0,,,,,,174,,,,,0,https://github.com/ekmett/machines,pkg:hackage/machines,machines,hackage,dormant,,0,0,,,,,,174,,,,,0,https://github.com/ekmett/machines
pkg:hackage/here,here,hackage,dormant,,0,0,,,,,,174,,,,,0,https://github.com/tmhedberg/here,pkg:hackage/here,here,hackage,dormant,,0,0,,,,,,174,,,,,0,https://github.com/tmhedberg/here
pkg:hackage/options,options,hackage,dead,,0,1,,,,,,173,,,,,0,https://github.com/typeclasses/options,pkg:hackage/options,options,hackage,dead,,0,1,,,,,,173,,,,,0,https://github.com/typeclasses/options
pkg:hackage/cipher-rc4,cipher-rc4,hackage,dead,,1,0,,,,,,173,,,,,0,https://github.com/vincenthz/hs-cipher-rc4,pkg:hackage/cipher-rc4,cipher-rc4,hackage,dead,,1,0,,,,,,173,,,,,0,https://github.com/vincenthz/hs-cipher-rc4
pkg:hackage/amqp,amqp,hackage,dormant,,0,1,,,,,,173,,,,,0,https://github.com/hreinhardt/amqp,pkg:hackage/amqp,amqp,hackage,dormant,,0,1,,,,,,173,,,,,0,https://github.com/hreinhardt/amqp
pkg:hackage/skein,skein,hackage,unknown,,0,0,,,,,,173,,,,,0,https://github.com/meteficha/skein,pkg:hackage/skein,skein,hackage,unknown,,0,0,,,,,,173,,,,,0,https://github.com/meteficha/skein
pkg:hackage/heaps,heaps,hackage,dead,,0,0,,,,,,172,,,,,0,https://github.com/ekmett/heaps,pkg:hackage/heaps,heaps,hackage,dead,,0,0,,,,,,172,,,,,0,https://github.com/ekmett/heaps
pkg:hackage/bmp,bmp,hackage,unknown,,0,0,,,,,,172,,,,,0,https://github.com/benl23x5/bmp,pkg:hackage/bmp,bmp,hackage,unknown,,0,0,,,,,,172,,,,,0,https://github.com/benl23x5/bmp
pkg:hackage/direct-sqlite,direct-sqlite,hackage,dead,,0,0,,,,,,171,,,,,0,https://github.com/ireneknapp/direct-sqlite,pkg:hackage/direct-sqlite,direct-sqlite,hackage,dead,,0,0,,,,,,171,,,,,0,https://github.com/ireneknapp/direct-sqlite
pkg:hackage/language-javascript,language-javascript,hackage,dormant,,0,0,,,,,,171,,,,,0,https://github.com/erikd/language-javascript,pkg:hackage/language-javascript,language-javascript,hackage,dormant,,0,0,,,,,,171,,,,,0,https://github.com/erikd/language-javascript
pkg:hackage/indents,indents,hackage,unknown,,0,0,,,,,,171,,,,,0,https://github.com/jaspervdj/indents,pkg:hackage/indents,indents,hackage,unknown,,0,0,,,,,,171,,,,,0,https://github.com/jaspervdj/indents
pkg:hackage/HsOpenSSL,HsOpenSSL,hackage,dormant,,0,0,,,,,,170,,,,,0,https://github.com/haskell-cryptography/hsopenssl,pkg:hackage/HsOpenSSL,HsOpenSSL,hackage,dormant,,0,0,,,,,,170,,,,,0,https://github.com/haskell-cryptography/hsopenssl
pkg:hackage/product-profunctors,product-profunctors,hackage,dormant,,0,0,,,,,,170,,,,,0,https://github.com/tomjaguarpaw/product-profunctors,pkg:hackage/product-profunctors,product-profunctors,hackage,dormant,,0,0,,,,,,170,,,,,0,https://github.com/tomjaguarpaw/product-profunctors
pkg:hackage/pointed,pointed,hackage,dormant,,0,0,,,,,,170,,,,,0,https://github.com/ekmett/pointed,pkg:hackage/pointed,pointed,hackage,dormant,,0,0,,,,,,170,,,,,0,https://github.com/ekmett/pointed
pkg:hackage/css-text,css-text,hackage,unknown,,0,0,,,,,,170,,,,,0,https://github.com/yesodweb/css-text,pkg:hackage/css-text,css-text,hackage,unknown,,0,0,,,,,,170,,,,,0,https://github.com/yesodweb/css-text
pkg:hackage/data-memocombinators,data-memocombinators,hackage,dead,,0,0,,,,,,169,,,,,0,https://github.com/luqui/data-memocombinators,pkg:hackage/data-memocombinators,data-memocombinators,hackage,dead,,0,0,,,,,,169,,,,,0,https://github.com/luqui/data-memocombinators
pkg:hackage/chunked-data,chunked-data,hackage,dormant,,0,0,,,,,,169,,,,,0,https://github.com/snoyberg/mono-traversable,pkg:hackage/chunked-data,chunked-data,hackage,dormant,,0,0,,,,,,169,,,,,0,https://github.com/snoyberg/mono-traversable
pkg:hackage/mysql,mysql,hackage,dormant,,0,0,,,,,,169,,,,,0,https://github.com/paul-rouse/mysql,pkg:hackage/mysql,mysql,hackage,dormant,,0,0,,,,,,169,,,,,0,https://github.com/paul-rouse/mysql
pkg:hackage/random-source,random-source,hackage,unknown,,0,0,,,,,,169,,,,,0,https://github.com/mokus0/random-fu,pkg:hackage/random-source,random-source,hackage,unknown,,0,0,,,,,,169,,,,,0,https://github.com/mokus0/random-fu
pkg:hackage/loch-th,loch-th,hackage,unknown,,0,0,,,,,,169,,,,,0,https://github.com/liskin/loch-th,pkg:hackage/loch-th,loch-th,hackage,unknown,,0,0,,,,,,169,,,,,0,https://github.com/liskin/loch-th
pkg:hackage/unbounded-delays,unbounded-delays,hackage,unknown,,0,0,,,,,,169,,,,,0,https://github.com/basvandijk/unbounded-delays,pkg:hackage/unbounded-delays,unbounded-delays,hackage,unknown,,0,0,,,,,,169,,,,,0,https://github.com/basvandijk/unbounded-delays
pkg:hackage/http-reverse-proxy,http-reverse-proxy,hackage,dormant,,0,0,,,,,,168,,,,,0,https://github.com/fpco/http-reverse-proxy,pkg:hackage/http-reverse-proxy,http-reverse-proxy,hackage,dormant,,0,0,,,,,,168,,,,,0,https://github.com/fpco/http-reverse-proxy
pkg:hackage/thyme,thyme,hackage,unknown,,0,1,,,,,,168,,,,,0,https://github.com/fumieval/thyme,pkg:hackage/thyme,thyme,hackage,unknown,,0,1,,,,,,168,,,,,0,https://github.com/fumieval/thyme
pkg:hackage/Yampa,Yampa,hackage,dormant,,0,0,,,,,,167,,,,,0,https://github.com/ivanperez-keera/yampa,pkg:hackage/Yampa,Yampa,hackage,dormant,,0,0,,,,,,167,,,,,0,https://github.com/ivanperez-keera/yampa
pkg:hackage/hsyslog,hsyslog,hackage,unknown,,0,0,,,,,,167,,,,,0,https://github.com/peti/hsyslog,pkg:hackage/hsyslog,hsyslog,hackage,unknown,,0,0,,,,,,167,,,,,0,https://github.com/peti/hsyslog
pkg:hackage/hmatrix-gsl,hmatrix-gsl,hackage,unknown,,0,0,,,,,,167,,,,,0,https://github.com/albertoruiz/hmatrix,pkg:hackage/hmatrix-gsl,hmatrix-gsl,hackage,unknown,,0,0,,,,,,167,,,,,0,https://github.com/albertoruiz/hmatrix
pkg:hackage/bound,bound,hackage,dormant,,0,0,,,,,,166,,,,,0,https://github.com/ekmett/bound,pkg:hackage/bound,bound,hackage,dormant,,0,0,,,,,,166,,,,,0,https://github.com/ekmett/bound
pkg:hackage/tagstream-conduit,tagstream-conduit,hackage,unknown,,0,0,,,,,,166,,,,,0,https://github.com/yihuang/tagstream-conduit,pkg:hackage/tagstream-conduit,tagstream-conduit,hackage,unknown,,0,0,,,,,,166,,,,,0,https://github.com/yihuang/tagstream-conduit
pkg:hackage/numbers,numbers,hackage,unknown,,0,0,,,,,,166,,,,,0,https://github.com/jwiegley/numbers,pkg:hackage/numbers,numbers,hackage,unknown,,0,0,,,,,,166,,,,,0,https://github.com/jwiegley/numbers
pkg:hackage/js-jquery,js-jquery,hackage,dormant,,0,0,,,,,,165,,,,,0,https://github.com/ndmitchell/js-jquery,pkg:hackage/js-jquery,js-jquery,hackage,dormant,,0,0,,,,,,165,,,,,0,https://github.com/ndmitchell/js-jquery
pkg:hackage/cipher-des,cipher-des,hackage,dead,,1,0,,,,,,164,,,,,0,https://github.com/vincenthz/hs-crypto-cipher,pkg:hackage/cipher-des,cipher-des,hackage,dead,,1,0,,,,,,164,,,,,0,https://github.com/vincenthz/hs-crypto-cipher
pkg:hackage/crypto-numbers,crypto-numbers,hackage,dead,,1,0,,,,,,164,,,,,0,https://github.com/vincenthz/hs-crypto-numbers,pkg:hackage/crypto-numbers,crypto-numbers,hackage,dead,,1,0,,,,,,164,,,,,0,https://github.com/vincenthz/hs-crypto-numbers
pkg:hackage/reducers,reducers,hackage,dormant,,0,0,,,,,,164,,,,,0,https://github.com/ekmett/reducers,pkg:hackage/reducers,reducers,hackage,dormant,,0,0,,,,,,164,,,,,0,https://github.com/ekmett/reducers
pkg:hackage/storable-complex,storable-complex,hackage,unknown,,0,0,,,,,,164,,,,,0,https://github.com/cartazio/storable-complex,pkg:hackage/storable-complex,storable-complex,hackage,unknown,,0,0,,,,,,164,,,,,0,https://github.com/cartazio/storable-complex
pkg:hackage/text-binary,text-binary,hackage,unknown,,0,0,,,,,,164,,,,,0,https://github.com/kawu/text-binary,pkg:hackage/text-binary,text-binary,hackage,unknown,,0,0,,,,,,164,,,,,0,https://github.com/kawu/text-binary
pkg:hackage/uuid-types,uuid-types,hackage,dormant,,0,0,,,,,,163,,,,,0,https://github.com/haskell-hvr/uuid,pkg:hackage/uuid-types,uuid-types,hackage,dormant,,0,0,,,,,,163,,,,,0,https://github.com/haskell-hvr/uuid
pkg:hackage/charset,charset,hackage,dormant,,0,0,,,,,,163,,,,,0,https://github.com/ekmett/charset,pkg:hackage/charset,charset,hackage,dormant,,0,0,,,,,,163,,,,,0,https://github.com/ekmett/charset
pkg:hackage/quickcheck-io,quickcheck-io,hackage,unknown,,0,0,,,,,,163,,,,,0,https://github.com/hspec/quickcheck-io,pkg:hackage/quickcheck-io,quickcheck-io,hackage,unknown,,0,0,,,,,,163,,,,,0,https://github.com/hspec/quickcheck-io
pkg:hackage/language-java,language-java,hackage,dead,,1,0,,,,,,162,,,,,0,https://github.com/vincenthz/language-java,pkg:hackage/language-java,language-java,hackage,dead,,1,0,,,,,,162,,,,,0,https://github.com/vincenthz/language-java
pkg:hackage/aws,aws,hackage,dead,,1,6,,,,,,162,,,,,0,https://github.com/aristidb/aws,pkg:hackage/aws,aws,hackage,dead,,1,6,,,,,,162,,,,,0,https://github.com/aristidb/aws
pkg:hackage/abstract-par,abstract-par,hackage,unknown,,0,0,,,,,,162,,,,,0,https://github.com/simonmar/monad-par,pkg:hackage/abstract-par,abstract-par,hackage,unknown,,0,0,,,,,,162,,,,,0,https://github.com/simonmar/monad-par
pkg:hackage/concurrent-extra,concurrent-extra,hackage,unknown,,0,0,,,,,,161,,,,,0,https://github.com/basvandijk/concurrent-extra,pkg:hackage/concurrent-extra,concurrent-extra,hackage,unknown,,0,0,,,,,,161,,,,,0,https://github.com/basvandijk/concurrent-extra
pkg:hackage/threads,threads,hackage,dead,,0,0,,,,,,160,,,,,0,https://github.com/basvandijk/threads,pkg:hackage/threads,threads,hackage,dead,,0,0,,,,,,160,,,,,0,https://github.com/basvandijk/threads
pkg:hackage/focus,focus,hackage,dead,,0,0,,,,,,160,,,,,0,https://github.com/nikita-volkov/focus,pkg:hackage/focus,focus,hackage,dead,,0,0,,,,,,160,,,,,0,https://github.com/nikita-volkov/focus
pkg:hackage/cpu,cpu,hackage,dead,,1,0,,,,,,160,,,,,0,https://github.com/vincenthz/hs-cpu,pkg:hackage/cpu,cpu,hackage,dead,,1,0,,,,,,160,,,,,0,https://github.com/vincenthz/hs-cpu
pkg:hackage/GenericPretty,GenericPretty,hackage,dead,,0,0,,,,,,159,,,,,0,https://github.com/razvanranca/genericpretty,pkg:hackage/GenericPretty,GenericPretty,hackage,dead,,0,0,,,,,,159,,,,,0,https://github.com/razvanranca/genericpretty
pkg:hackage/amazonka,amazonka,hackage,dormant,,0,0,,,,,,159,,,,,0,https://github.com/brendanhay/amazonka,pkg:hackage/amazonka,amazonka,hackage,dormant,,0,0,,,,,,159,,,,,0,https://github.com/brendanhay/amazonka
pkg:hackage/th-expand-syns,th-expand-syns,hackage,dormant,,0,0,,,,,,159,,,,,0,https://github.com/danielschuessler/th-expand-syns,pkg:hackage/th-expand-syns,th-expand-syns,hackage,dormant,,0,0,,,,,,159,,,,,0,https://github.com/danielschuessler/th-expand-syns
pkg:hackage/blaze-svg,blaze-svg,hackage,unknown,,0,0,,,,,,159,,,,,0,https://github.com/diagrams/blaze-svg,pkg:hackage/blaze-svg,blaze-svg,hackage,unknown,,0,0,,,,,,159,,,,,0,https://github.com/diagrams/blaze-svg
pkg:hackage/placeholders,placeholders,hackage,unknown,,0,0,,,,,,159,,,,,0,https://github.com/ahammar/placeholders,pkg:hackage/placeholders,placeholders,hackage,unknown,,0,0,,,,,,159,,,,,0,https://github.com/ahammar/placeholders
pkg:hackage/data-reify,data-reify,hackage,unknown,,0,0,,,,,,159,,,,,0,https://github.com/ku-fpg/software,pkg:hackage/data-reify,data-reify,hackage,unknown,,0,0,,,,,,159,,,,,0,https://github.com/ku-fpg/software
pkg:hackage/ListLike,ListLike,hackage,dormant,,0,1,,,,,,158,,,,,0,https://github.com/ddssff/listlike,pkg:hackage/ListLike,ListLike,hackage,dormant,,0,1,,,,,,158,,,,,0,https://github.com/ddssff/listlike
pkg:hackage/intervals,intervals,hackage,dormant,,0,0,,,,,,158,,,,,0,https://github.com/ekmett/intervals,pkg:hackage/intervals,intervals,hackage,dormant,,0,0,,,,,,158,,,,,0,https://github.com/ekmett/intervals
pkg:hackage/NumInstances,NumInstances,hackage,unknown,,0,0,,,,,,158,,,,,0,https://github.com/conal/numinstances,pkg:hackage/NumInstances,NumInstances,hackage,unknown,,0,0,,,,,,158,,,,,0,https://github.com/conal/numinstances
pkg:hackage/parseargs,parseargs,hackage,unknown,,0,0,,,,,,157,,,,,0,https://github.com/bartmassey/parseargs,pkg:hackage/parseargs,parseargs,hackage,unknown,,0,0,,,,,,157,,,,,0,https://github.com/bartmassey/parseargs
pkg:hackage/cryptohash-conduit,cryptohash-conduit,hackage,dead,,1,0,,,,,,156,,,,,0,https://github.com/vincenthz/hs-cryptohash-conduit,pkg:hackage/cryptohash-conduit,cryptohash-conduit,hackage,dead,,1,0,,,,,,156,,,,,0,https://github.com/vincenthz/hs-cryptohash-conduit
pkg:hackage/th-desugar,th-desugar,hackage,dormant,,0,0,,,,,,156,,,,,0,https://github.com/goldfirere/th-desugar,pkg:hackage/th-desugar,th-desugar,hackage,dormant,,0,0,,,,,,156,,,,,0,https://github.com/goldfirere/th-desugar
pkg:hackage/hdaemonize,hdaemonize,hackage,unknown,,0,0,,,,,,156,,,,,0,https://github.com/unprolix/hdaemonize,pkg:hackage/hdaemonize,hdaemonize,hackage,unknown,,0,0,,,,,,156,,,,,0,https://github.com/unprolix/hdaemonize
pkg:hackage/fay,fay,hackage,unknown,,0,0,,,,,,156,,,,,0,https://github.com/faylang/fay,pkg:hackage/fay,fay,hackage,unknown,,0,0,,,,,,156,,,,,0,https://github.com/faylang/fay
pkg:hackage/quickcheck-unicode,quickcheck-unicode,hackage,unknown,,0,0,,,,,,156,,,,,0,https://github.com/bos/quickcheck-unicode,pkg:hackage/quickcheck-unicode,quickcheck-unicode,hackage,unknown,,0,0,,,,,,156,,,,,0,https://github.com/bos/quickcheck-unicode
pkg:hackage/rainbow,rainbow,hackage,unknown,,0,0,,,,,,156,,,,,0,https://github.com/massysett/rainbow,pkg:hackage/rainbow,rainbow,hackage,unknown,,0,0,,,,,,156,,,,,0,https://github.com/massysett/rainbow
pkg:hackage/c2hs,c2hs,hackage,dead,,0,0,,,,,,155,,,,,0,https://github.com/haskell/c2hs,pkg:hackage/c2hs,c2hs,hackage,dead,,0,0,,,,,,155,,,,,0,https://github.com/haskell/c2hs
pkg:hackage/yesod-auth-hashdb,yesod-auth-hashdb,hackage,unknown,,0,0,,,,,,155,,,,,0,https://github.com/paul-rouse/yesod-auth-hashdb,pkg:hackage/yesod-auth-hashdb,yesod-auth-hashdb,hackage,unknown,,0,0,,,,,,155,,,,,0,https://github.com/paul-rouse/yesod-auth-hashdb
pkg:hackage/log-domain,log-domain,hackage,unknown,,0,0,,,,,,155,,,,,0,https://github.com/ekmett/log-domain,pkg:hackage/log-domain,log-domain,hackage,unknown,,0,0,,,,,,155,,,,,0,https://github.com/ekmett/log-domain
pkg:hackage/project-template,project-template,hackage,unknown,,0,0,,,,,,154,,,,,0,https://github.com/fpco/haskell-ide,pkg:hackage/project-template,project-template,hackage,unknown,,0,0,,,,,,154,,,,,0,https://github.com/fpco/haskell-ide
pkg:hackage/bits,bits,hackage,unknown,,0,0,,,,,,154,,,,,0,https://github.com/ekmett/bits,pkg:hackage/bits,bits,hackage,unknown,,0,0,,,,,,154,,,,,0,https://github.com/ekmett/bits
pkg:hackage/authenticate-oauth,authenticate-oauth,hackage,unknown,,0,0,,,,,,153,,,,,0,https://github.com/yesodweb/authenticate,pkg:hackage/authenticate-oauth,authenticate-oauth,hackage,unknown,,0,0,,,,,,153,,,,,0,https://github.com/yesodweb/authenticate
pkg:hackage/th-reify-many,th-reify-many,hackage,unknown,,0,0,,,,,,153,,,,,0,https://github.com/mgsloan/th-reify-many,pkg:hackage/th-reify-many,th-reify-many,hackage,unknown,,0,0,,,,,,153,,,,,0,https://github.com/mgsloan/th-reify-many
pkg:hackage/tasty-expected-failure,tasty-expected-failure,hackage,dead,,0,0,,,,,,152,,,,,0,https://github.com/nomeata/tasty-expected-failure,pkg:hackage/tasty-expected-failure,tasty-expected-failure,hackage,dead,,0,0,,,,,,152,,,,,0,https://github.com/nomeata/tasty-expected-failure
pkg:hackage/hxt-unicode,hxt-unicode,hackage,dormant,,0,0,,,,,,152,,,,,0,https://github.com/uweschmidt/hxt,pkg:hackage/hxt-unicode,hxt-unicode,hackage,dormant,,0,0,,,,,,152,,,,,0,https://github.com/uweschmidt/hxt
pkg:hackage/haskell-lexer,haskell-lexer,hackage,dormant,,0,0,,,,,,152,,,,,0,https://github.com/yav/haskell-lexer,pkg:hackage/haskell-lexer,haskell-lexer,hackage,dormant,,0,0,,,,,,152,,,,,0,https://github.com/yav/haskell-lexer
pkg:hackage/quickcheck-assertions,quickcheck-assertions,hackage,unknown,,0,0,,,,,,152,,,,,0,https://github.com/s9gf4ult/quickcheck-assertions,pkg:hackage/quickcheck-assertions,quickcheck-assertions,hackage,unknown,,0,0,,,,,,152,,,,,0,https://github.com/s9gf4ult/quickcheck-assertions
pkg:hackage/hoopl,hoopl,hackage,unknown,,0,0,,,,,,152,,,,,0,https://github.com/haskell/hoopl,pkg:hackage/hoopl,hoopl,hackage,unknown,,0,0,,,,,,152,,,,,0,https://github.com/haskell/hoopl
pkg:hackage/time-lens,time-lens,hackage,unknown,,0,0,,,,,,152,,,,,0,https://github.com/feuerbach/time-lens,pkg:hackage/time-lens,time-lens,hackage,unknown,,0,0,,,,,,152,,,,,0,https://github.com/feuerbach/time-lens
pkg:hackage/dlist-instances,dlist-instances,hackage,unknown,,0,0,,,,,,152,,,,,0,https://github.com/gregwebs/dlist-instances,pkg:hackage/dlist-instances,dlist-instances,hackage,unknown,,0,0,,,,,,152,,,,,0,https://github.com/gregwebs/dlist-instances
pkg:hackage/tabular,tabular,hackage,dead,,0,0,,,,,,151,,,,,0,https://github.com/bgamari/tabular,pkg:hackage/tabular,tabular,hackage,dead,,0,0,,,,,,151,,,,,0,https://github.com/bgamari/tabular
pkg:hackage/pandoc-citeproc,pandoc-citeproc,hackage,dead,,1,0,,,,,,151,,,,,0,https://github.com/jgm/pandoc-citeproc,pkg:hackage/pandoc-citeproc,pandoc-citeproc,hackage,dead,,1,0,,,,,,151,,,,,0,https://github.com/jgm/pandoc-citeproc
pkg:hackage/ReadArgs,ReadArgs,hackage,unknown,,0,0,,,,,,151,,,,,0,https://github.com/rampion/readargs,pkg:hackage/ReadArgs,ReadArgs,hackage,unknown,,0,0,,,,,,151,,,,,0,https://github.com/rampion/readargs
pkg:hackage/js-flot,js-flot,hackage,unknown,,0,0,,,,,,151,,,,,0,https://github.com/ndmitchell/js-flot,pkg:hackage/js-flot,js-flot,hackage,unknown,,0,0,,,,,,151,,,,,0,https://github.com/ndmitchell/js-flot
pkg:hackage/loop,loop,hackage,unknown,,0,0,,,,,,151,,,,,0,https://github.com/nh2/loop,pkg:hackage/loop,loop,hackage,unknown,,0,0,,,,,,151,,,,,0,https://github.com/nh2/loop
pkg:hackage/edit-distance,edit-distance,hackage,unknown,,0,0,,,,,,151,,,,,0,https://github.com/phadej/edit-distance,pkg:hackage/edit-distance,edit-distance,hackage,unknown,,0,0,,,,,,151,,,,,0,https://github.com/phadej/edit-distance
pkg:hackage/union-find,union-find,hackage,dead,,1,0,,,,,,150,,,,,0,https://github.com/nominolo/union-find,pkg:hackage/union-find,union-find,hackage,dead,,1,0,,,,,,150,,,,,0,https://github.com/nominolo/union-find
pkg:hackage/concurrent-supply,concurrent-supply,hackage,dead,,0,0,,,,,,150,,,,,0,https://github.com/ekmett/concurrent-supply,pkg:hackage/concurrent-supply,concurrent-supply,hackage,dead,,0,0,,,,,,150,,,,,0,https://github.com/ekmett/concurrent-supply
pkg:hackage/language-ecmascript,language-ecmascript,hackage,dead,,0,0,,,,,,150,,,,,0,https://github.com/jswebtools/language-ecmascript,pkg:hackage/language-ecmascript,language-ecmascript,hackage,dead,,0,0,,,,,,150,,,,,0,https://github.com/jswebtools/language-ecmascript
pkg:hackage/hxt-charproperties,hxt-charproperties,hackage,dormant,,0,0,,,,,,150,,,,,0,https://github.com/uweschmidt/hxt,pkg:hackage/hxt-charproperties,hxt-charproperties,hackage,dormant,,0,0,,,,,,150,,,,,0,https://github.com/uweschmidt/hxt
pkg:hackage/monad-par-extras,monad-par-extras,hackage,unknown,,0,0,,,,,,150,,,,,0,https://github.com/simonmar/monad-par,pkg:hackage/monad-par-extras,monad-par-extras,hackage,unknown,,0,0,,,,,,150,,,,,0,https://github.com/simonmar/monad-par
pkg:hackage/messagepack,messagepack,hackage,unknown,,0,0,,,,,,150,,,,,0,https://github.com/rodrigosetti/messagepack,pkg:hackage/messagepack,messagepack,hackage,unknown,,0,0,,,,,,150,,,,,0,https://github.com/rodrigosetti/messagepack
pkg:hackage/groundhog,groundhog,hackage,unknown,,0,0,,,,,,150,,,,,0,https://github.com/lykahb/groundhog,pkg:hackage/groundhog,groundhog,hackage,unknown,,0,0,,,,,,150,,,,,0,https://github.com/lykahb/groundhog
pkg:hackage/immortal,immortal,hackage,unknown,,0,0,,,,,,150,,,,,0,https://github.com/feuerbach/immortal,pkg:hackage/immortal,immortal,hackage,unknown,,0,0,,,,,,150,,,,,0,https://github.com/feuerbach/immortal
pkg:hackage/bytedump,bytedump,hackage,dead,,1,0,,,,,,149,,,,,0,https://github.com/vincenthz/hs-bytedump,pkg:hackage/bytedump,bytedump,hackage,dead,,1,0,,,,,,149,,,,,0,https://github.com/vincenthz/hs-bytedump
pkg:hackage/monad-journal,monad-journal,hackage,unknown,,0,0,,,,,,149,,,,,0,https://github.com/phaazon/monad-journal,pkg:hackage/monad-journal,monad-journal,hackage,unknown,,0,0,,,,,,149,,,,,0,https://github.com/phaazon/monad-journal
pkg:hackage/data-lens-light,data-lens-light,hackage,unknown,,0,0,,,,,,149,,,,,0,https://github.com/feuerbach/data-lens-light,pkg:hackage/data-lens-light,data-lens-light,hackage,unknown,,0,0,,,,,,149,,,,,0,https://github.com/feuerbach/data-lens-light
pkg:hackage/rvar,rvar,hackage,dead,,0,0,,,,,,148,,,,,0,https://github.com/haskell-numerics/random-fu,pkg:hackage/rvar,rvar,hackage,dead,,0,0,,,,,,148,,,,,0,https://github.com/haskell-numerics/random-fu
pkg:hackage/sendfile,sendfile,hackage,dead,,0,0,,,,,,148,,,,,0,https://github.com/happstack/sendfile,pkg:hackage/sendfile,sendfile,hackage,dead,,0,0,,,,,,148,,,,,0,https://github.com/happstack/sendfile
pkg:hackage/chell,chell,hackage,dormant,,0,1,,,,,,148,,,,,0,https://github.com/typeclasses/chell,pkg:hackage/chell,chell,hackage,dormant,,0,1,,,,,,148,,,,,0,https://github.com/typeclasses/chell
pkg:hackage/ghcid,ghcid,hackage,dormant,,0,0,,,,,,148,,,,,0,https://github.com/ndmitchell/ghcid,pkg:hackage/ghcid,ghcid,hackage,dormant,,0,0,,,,,,148,,,,,0,https://github.com/ndmitchell/ghcid
pkg:hackage/gravatar,gravatar,hackage,dormant,,0,0,,,,,,148,,,,,0,https://github.com/pbrisbin/gravatar,pkg:hackage/gravatar,gravatar,hackage,dormant,,0,0,,,,,,148,,,,,0,https://github.com/pbrisbin/gravatar
pkg:hackage/fb,fb,hackage,dormant,,0,3,,,,,,148,,,,,0,https://github.com/psibi/fb,pkg:hackage/fb,fb,hackage,dormant,,0,3,,,,,,148,,,,,0,https://github.com/psibi/fb
pkg:hackage/hxt-http,hxt-http,hackage,dormant,,0,0,,,,,,147,,,,,0,https://github.com/uweschmidt/hxt,pkg:hackage/hxt-http,hxt-http,hackage,dormant,,0,0,,,,,,147,,,,,0,https://github.com/uweschmidt/hxt
pkg:hackage/incremental-parser,incremental-parser,hackage,dormant,,0,0,,,,,,147,,,,,0,https://github.com/blamario/incremental-parser,pkg:hackage/incremental-parser,incremental-parser,hackage,dormant,,0,0,,,,,,147,,,,,0,https://github.com/blamario/incremental-parser
pkg:hackage/integration,integration,hackage,unknown,,0,0,,,,,,147,,,,,0,https://github.com/ekmett/integration,pkg:hackage/integration,integration,hackage,unknown,,0,0,,,,,,147,,,,,0,https://github.com/ekmett/integration
pkg:hackage/comonad-transformers,comonad-transformers,hackage,unknown,,0,0,,,,,,147,,,,,0,https://github.com/ekmett/comonad-transformers,pkg:hackage/comonad-transformers,comonad-transformers,hackage,unknown,,0,0,,,,,,147,,,,,0,https://github.com/ekmett/comonad-transformers
pkg:hackage/control-monad-free,control-monad-free,hackage,unknown,,0,0,,,,,,147,,,,,0,https://github.com/pepeiborra/control-monad-free,pkg:hackage/control-monad-free,control-monad-free,hackage,unknown,,0,0,,,,,,147,,,,,0,https://github.com/pepeiborra/control-monad-free
pkg:hackage/ghc-syb-utils,ghc-syb-utils,hackage,unknown,,0,0,,,,,,147,,,,,0,https://github.com/danielg/ghc-syb,pkg:hackage/ghc-syb-utils,ghc-syb-utils,hackage,unknown,,0,0,,,,,,147,,,,,0,https://github.com/danielg/ghc-syb
pkg:hackage/abstract-deque,abstract-deque,hackage,dead,,0,0,,,,,,146,,,,,0,https://github.com/rrnewton/haskell-lockfree,pkg:hackage/abstract-deque,abstract-deque,hackage,dead,,0,0,,,,,,146,,,,,0,https://github.com/rrnewton/haskell-lockfree
pkg:hackage/hyphenation,hyphenation,hackage,dormant,,0,1,,,,,,146,,,,,0,https://github.com/ekmett/hyphenation,pkg:hackage/hyphenation,hyphenation,hackage,dormant,,0,1,,,,,,146,,,,,0,https://github.com/ekmett/hyphenation
pkg:hackage/cond,cond,hackage,dormant,,0,0,,,,,,146,,,,,0,https://github.com/jcranch/cond,pkg:hackage/cond,cond,hackage,dormant,,0,0,,,,,,146,,,,,0,https://github.com/jcranch/cond
pkg:hackage/reroute,reroute,hackage,unknown,,0,0,,,,,,146,,,,,0,https://github.com/agrafix/spock,pkg:hackage/reroute,reroute,hackage,unknown,,0,0,,,,,,146,,,,,0,https://github.com/agrafix/spock
pkg:hackage/histogram-fill,histogram-fill,hackage,dormant,,0,0,,,,,,145,,,,,0,https://github.com/shimuuar/histogram-fill,pkg:hackage/histogram-fill,histogram-fill,hackage,dormant,,0,0,,,,,,145,,,,,0,https://github.com/shimuuar/histogram-fill
pkg:hackage/optparse-simple,optparse-simple,hackage,unknown,,0,0,,,,,,145,,,,,0,https://github.com/fpco/optparse-simple,pkg:hackage/optparse-simple,optparse-simple,hackage,unknown,,0,0,,,,,,145,,,,,0,https://github.com/fpco/optparse-simple
pkg:hackage/wl-pprint-extras,wl-pprint-extras,hackage,unknown,,0,0,,,,,,145,,,,,0,https://github.com/ekmett/wl-pprint-extras,pkg:hackage/wl-pprint-extras,wl-pprint-extras,hackage,unknown,,0,0,,,,,,145,,,,,0,https://github.com/ekmett/wl-pprint-extras
pkg:hackage/cryptocipher,cryptocipher,hackage,dead,,1,0,,,,,,144,,,,,0,https://github.com/vincenthz/hs-crypto-cipher,pkg:hackage/cryptocipher,cryptocipher,hackage,dead,,1,0,,,,,,144,,,,,0,https://github.com/vincenthz/hs-crypto-cipher
pkg:hackage/cipher-aes128,cipher-aes128,hackage,dead,,1,0,,,,,,144,,,,,0,https://github.com/tommd/cipher-aes128,pkg:hackage/cipher-aes128,cipher-aes128,hackage,dead,,1,0,,,,,,144,,,,,0,https://github.com/tommd/cipher-aes128
pkg:hackage/cases,cases,hackage,dormant,,0,1,,,,,,144,,,,,0,https://github.com/nikita-volkov/cases,pkg:hackage/cases,cases,hackage,dormant,,0,1,,,,,,144,,,,,0,https://github.com/nikita-volkov/cases
pkg:hackage/mtl-prelude,mtl-prelude,hackage,unknown,,0,0,,,,,,144,,,,,0,https://github.com/nikita-volkov/mtl-prelude,pkg:hackage/mtl-prelude,mtl-prelude,hackage,unknown,,0,0,,,,,,144,,,,,0,https://github.com/nikita-volkov/mtl-prelude
pkg:hackage/shell-conduit,shell-conduit,hackage,unknown,,0,0,,,,,,144,,,,,0,https://github.com/psibi/shell-conduit,pkg:hackage/shell-conduit,shell-conduit,hackage,unknown,,0,0,,,,,,144,,,,,0,https://github.com/psibi/shell-conduit
pkg:hackage/siphash,siphash,hackage,dead,,1,0,,,,,,143,,,,,0,https://github.com/vincenthz/hs-siphash,pkg:hackage/siphash,siphash,hackage,dead,,1,0,,,,,,143,,,,,0,https://github.com/vincenthz/hs-siphash
pkg:hackage/crypto-random-api,crypto-random-api,hackage,dead,,1,0,,,,,,143,,,,,0,https://github.com/vincenthz/hs-crypto-random-api,pkg:hackage/crypto-random-api,crypto-random-api,hackage,dead,,1,0,,,,,,143,,,,,0,https://github.com/vincenthz/hs-crypto-random-api
pkg:hackage/multipart,multipart,hackage,unknown,,0,0,,,,,,143,,,,,0,https://github.com/silkapp/multipart,pkg:hackage/multipart,multipart,hackage,unknown,,0,0,,,,,,143,,,,,0,https://github.com/silkapp/multipart
pkg:hackage/hs-bibutils,hs-bibutils,hackage,unknown,,0,0,,,,,,143,,,,,0,https://github.com/wilx/hs-bibutils,pkg:hackage/hs-bibutils,hs-bibutils,hackage,unknown,,0,0,,,,,,143,,,,,0,https://github.com/wilx/hs-bibutils
